Timestamp,Mood Score,Note
2025-11-21 20:06:49,4,Moody
2025-11-21 20:08:27,4,Kinda happy
2025-11-21 20:10:49,4,
2025-11-21 20:23:01,5,Kinda Happy
2025-11-21 22:35:57,2,Despression
2025-11-22 02:57:36,3,.
2025-11-22 02:57:40,2,.
2025-11-22 02:57:57,4,lwidBQefoWHefb blWqwertyuioplwidBQefoWHefb blWqwertyuioplwidBQefoWHefb blWqwertyuioplwidBQefoWHefb blWqwertyuioplwidBQefoWHefb blWqwertyuioplwidBQefoWHefb blWqwertyuioplwidBQefoWHefb blWqwertyuioplwidBQefoWHefb blWqwertyuioplwidBQefoWHefb blWqwertyuioplwidBQefoWHefb blWqwertyuioplwidBQefoWHefb blWqwertyuioplwidBQefoWHefb blWqwertyuioplwidBQefoWHefb blWqwertyuioplwidBQefoWHefb blWqwertyuioplwidBQefoWHefb blWqwertyuioplwidBQefoWHefb blWqwertyuioplwidBQefoWHefb blWqwertyuioplwidBQefoWHefb blWqwertyuioplwidBQefoWHefb blWqwertyuioplwidBQefoWHefb blWqwertyuioplwidBQefoWHefb blWqwertyuioplwidBQefoWHefb blWqwertyuioplwidBQefoWHefb blWqwertyuiop
2025-11-22 02:58:02,2,lwidBQefoWHefb blWqwertyuioplwidBQefoWHefb blWqwertyuioplwidBQefoWHefb blWqwertyuioplwidBQefoWHefb blWqwertyuioplwidBQefoWHefb blWqwertyuiop
2025-11-22 03:11:03,5,
2025-11-22 03:11:06,5,
2025-11-22 03:11:09,5,
2025-11-22 03:11:12,5,
